country,population,articles,articles_per_million
India,1371.3,990,0.7219426821264494
Indonesia,265.2,215,0.8107088989441931
China,1393.8,1138,0.8164729516429904
Uzbekistan,32.9,29,0.8814589665653496
Ethiopia,107.5,105,0.9767441860465116
Zambia,17.7,26,1.4689265536723164
"Korea, North",25.6,39,1.5234375
Thailand,66.2,112,1.6918429003021147
Bangladesh,166.4,324,1.9471153846153846
Mozambique,30.5,60,1.9672131147540983
